"Model Class","Model Attribute","Model Type","Model Multiplicity","Model Definition"
"Submission","","","",""
"MessageMetadata","","","",""
"MessageMetadata","MessageTimestamp","","0..1","The Timestamp when the message was created for submission."
"MessageMetadata","MessageID","","0..1","A unique identifier for the submission. Generated by the submitting agency."
"MessageMetadata","NIBRSIEPDVersion","","0..1","The version of the NIBRS IEPD for the message."
"MessageMetadata","SubmittingAgencyORI","","1","The Originating Agency Identifier for the submitting organization."
"Report","","","",""
"ReportHeader","","","",""
"ReportHeader","ReportCategory","","1","The type of report being submitted to UCR."
"ReportHeader","ReportAction","","1","The action to take on the given report type."
"ReportHeader","MonthAndYearofSubmission","","1","The report year and month."
"ReportHeader","ORICode","","1","NIBRS Element 1. This is the unique nine-character NCIC Originating Agency Identifier (ORI) Number that has been assigned to each agency"
"Incident","","","",""
"Incident","IncidentNumber","","1","NIBRS Element 2. This is the number assigned by the reporting agency to each Incident Report to uniquely identify an incident, e.g., the Originating Agency Case (OCA) Number."
"Incident","IncidentDateandTime","","0..1","NIBRS Element 3. This data element must be included in each Incident Report. It should be used to enter the month, day, and year (YYYY-MM-DD) the incident occurred or started or the beginning of the time period in which it occurred (as appropriate) when the time is not known."
"Incident","IncidentDate","","0..1","NIBRS Element 3. This data element must be included in each Incident Report. It should be used to enter the month, day, and year (YYYY-MM-DD) the incident occurred or started or the beginning of the time period in which it occurred (as appropriate) when the time is not known."
"Incident","ReportDateIndicator","","0..1","NIBRS Element 3. Report Date Indicator is used to designate that the date entered in <nibrs:Report/nc:Incident/nc:ActivityDate/nc:DateTime> or <nibrs:Report/nc:Incident/nc:ActivityDate/nc:Date> is the Report Date rather than the Incident Date."
"Incident","CargoTheftIndicator","","0..1","NIBRS Element 2A. This data element indicates whether or not the incident involved a Cargo Theft. Although it is an optional data element, once added to a submission, it becomes conditional and must be populated with a valid data value."
"Incident","ClearedExceptionally","","*","NIBRS Element 4. This data element must be included in each Incident Report. It is used to indicate whether or not the incident was cleared exceptionally."
"Incident","ExceptionalClearanceDate","","*","NIBRS Element 5. If an incident was cleared by exceptional means i.e., a code other than N was entered into Data Element 4, the month, day, and year (MM/DD/YYYY) when the incident was cleared should be entered into this data element"
"Offense","","","",""
"Offense","UCROffenseCode","","1","NIBRS Element 6. This data element should be used to enter the UCR Offense Codes of the up to ten most serious (as determined by the reporting agency) offenses involved in the incident."
"Offense","OffenseAttemptedCompletedUnfounded","","1","NIBRS Element 7. This data element should be used to indicate whether any of the offenders in the incident were suspected of consuming alcohol or using drugs/narcotics during or shortly before the incident; or of using a computer, computer terminal, or other computer equipment to perpetrate the crime."
"Offense","OffendersSuspecteofUsing","","0..1","NIBRS Element 8. This data element should be used to indicate whether any of the offenders in the incident were suspected of consuming alcohol or using drugs/narcotics during or shortly before the incident; or of using a computer, computer terminal, or other computer equipment to perpetrate the crime."
"Offense","BiasMotivation","string","*","BiasMotivation
NIBRS Element 8A. A designation for a bias factor that motivated a person to commit an offense.

Changes to Existing Bias Motivation Codes:
- Replace 99 - ""Unknown"" with ""Bias Suspected - Pending Investigation"".
- Replace 88 - ""None"" to ""No Known Bias""."
"Offense","NumberofPremisesEntered","","0..1","NIBRS Element 10. This data element is to be used only if the crime is BURGLARY-BREAKING_ENTERING (220)"
"Offense","MethodofEntry","","0..1","NIBRS Element This data element should be used only if the offense is BURGLARY-BREAKING_ENTERING (220)"
"Offense","TypeCriminalActivityGangInformation","","*","NIBRS Element 12. This data element should be used to provide additional information on the criminal activity of the offender(s) in incidents involving:
"
"Offense","TypeofWeaponForceInvolved","","0..1","NIBRS Element 13. This data element should be used to enter the type(s) of weapon(s) or force used by the offender(s) in committing the following offenses"
"Offense","BiasRelatedCriminalActivity","string","","Capture offenses reated to hate-crime - required only when Bias Motivation code is not 88 (None).

Added the following codes: 
UA=Unlawful Assembly; BT-Bomb Threats; CB=Cross Burning; TV=Tampering/Vandalism/Desecration of Bias-related Symbol/Sign/Object; DT=Digital Threats/Harassment (delivered via electronic communications); WT=Written Threats/Harassment (not delivered via electronic communications); SO=Display of Threatening Symbols/Objects; PA=Disturbing Public Assembly/Meeting; OT=Other; PH=Physical Harassment; ST=Swatting Threats; TO=Throwing of Objects (Rocks, Bricks, Bottles, Etc.); SL=Use of Slurs; VT=Verbal Threats (in person)"
"Offense","BTACompleted","boolean","0..1","Indicates a behvaioral threat assessment has been completed."
"Offense","BTAThreatLevel","string","0..1","Capture if BTA is entered in the Offense Segment 

Added element with code values:
1=Level 1; 2=Level 2; 3=Level 3

"
"Location","","","",""
"Location","FederalJudicialDistrict","","*","NIBRS Element 1A. This is the Judicial District where the Incident took place."
"Location","LocationType","","*","NIBRS Element 9. This data element is to be used to report the type of location/premises where each offense took place.

Replaced code
53 -School -  Elementary/Secondary
with codes
53 -School -  Elementary
59 -School -  Junior High
60 -School -  High School

Replaced code
58=Cyberspace
with
58=Cyberspace/Online"
"Location","SubLocation","string","0..1","Capture secondary location information

Added element with all standard NIBRS location codes
Replaced code
53 -School -  Elementary/Secondary
with codes
53 -School -  Elementary
59 -School -  Junior High
60 -School -  High School

Replaced code
58=Cyberspace
with
58=Cyberspace/Online

Added codes:
61=Bathroom; 62=Cafeteria; 63=Playground; 64=Parking Lot; 65=Hallway; 66=Classroom; 67=Office; 99=Not Applicable"
"Item","","","",""
"Item","TypePropertyLossEtc","","*","NIBRS Element 14. This data element should be used to describe the type(s) of property loss, recovery, seizure, etc., which occurred in an incident. A separate Property Segment containing Data Elements 14 through 22 should be submitted for each type of loss/etc., when the incident involved one or more of the following offenses"
"Item","PropertyDescription","","0..1","NIBRS Element 15. This data element should be used to enter descriptions of the property that was burned, counterfeited, destroyed/damaged/vandalized, etc., as a result of the incident."
"Item","ValueOfProperty","","0..1","NIBRS Element 16. This data element should be used to enter descriptions of the property that was burned, counterfeited, destroyed/damaged/vandalized, etc., as a result of the incident."
"Item","DateRecovered","","0..1","NIBRS Element 17. If previously stolen property is recovered, the month, day, and year (MM/DD/YYYY) of its recovery should be entered into this data element."
"Item","NumberofStolenRecovered","","0..1","NIBRS Element 18/19. This data element indicates how many motor vehicles were stolen or recovered in a Motor Vehicle Theft incident."
"Substance","","","",""
"Substance","SuspectedDrugType","","0,1","NIBRS Element 20. This data element should be used to identify the types of drugs or narcotics that were seized in a drug case."
"Substance","EstimatedDrugQuantity","","0,1","NIBRS Element 21. This data element should be used to indicate the quantity of drugs or narcotics seized in a drug case."
"Substance","TypeDrugMeasurement","","*","NIBRS Element 22. This data element should be used to indicate the type of measurement used in quantifying drugs or narcotics seized in a drug case."
"Person","","","",""
"Person","Sex","","0..1","NIBRS Element 27. The sex of the arrestee should be indicated in this data element.
NIBRS Element 38. The sex of the offender should be indicated in this data element.
NIBRS Element 48. The sex of the arrestee should be indicated in this data element."
"Person","Race","","0..1","NIBRS Element 28. The race of the arrestee should be indicated in this data element.
NIBRS Element 39. The race of the offender should is to be indicated in this data element.
NIBRS Element 49. The race of the arrestee should be indicated in this data element."
"Person","Ethnicity","","0..1","NIBRS Element 29. The ethnic origin of the arrestee should be entered into this data element.
NIBRS Element 39A. If the offender was a person, his/her ethnic origin should be entered into this data element.
NIBRS Element 50. The ethnic origin of the arrestee should be entered into this data element."
"Person","ResidentStatus","","0..1","NIBRS Element 30. Whether the arrestee [sic: victim] was a resident or nonresident should be entered into this data element.
NIBRS Element 51. Whether the arrestee was a resident or nonresident should be entered into this data element."
"EnforcementOfficial","","","",""
"EnforcementOfficial","ORIsOtherJurisdictionOfficer","","*","NIBRS Element 25C. An identifier of an agency (ORI)"
"EnforcementOfficial","TypeofActivityOfficerCircumstance","","0..1","NIBRS Element 25A. Activity category for a victim"
"EnforcementOfficial","AssignmentTypeOfficer","","0..1","NIEM Element 25B. Officer assignment for a victim"
"Victim","","","",""
"Victim","VictimSequenceNumber","","0..1","NIBRS Element 23. Each victim in an incident should be assigned a sequence number from 001 to 999."
"Victim","TypeofVictim","","0..1","NIBRS Element 25. The type of victim should be entered into this data element."
"Victim","AggravatedAssaultHomicideCircumstances","","*","NIBRS Element 31. This data element should be used to describe the circumstances of either an aggravated assault or a homicide."
"Victim","AdditionalJustifiableHomicideCircumstances","","0..1","NIBRS Element 32. This data element should be used to further describe the circumstances of a justifiable homicide."
"Victim","TypeInjury","","0..1","NIBRS Element 33. This data element should be used to describe the type(s) of bodily injury suffered by a victim."
"Victim","BiasAffiliation","string","*","What the offender or officers(?) perceived about the victim that may have led to their victimization in relation to the bias motivated offense.  

Added element with these codes:
APPEARANCE=Appearance Affiliation; CLOTHING=Clothing Affilitation; UNIFORM=Uniform Affiliation; ASSOCIATE=Associate Affiliation; FAMILIAL=Familial Affiliation; EMPLOYMENT=Employment Affiliation; EVENT=Event Affiliation; LOCATION=Location Affiliation; MEMBERSHIP=Membership Affiliation; OBJECT=Object Affiliation; NONE=None"
"Subject","","","",""
"Subject","OffenderSequenceNumber","","0..1","NIBRS Element 36. Each offender in the incident should be assigned a sequence number from 01 to 99. A separate set of offender data should be submitted for each numbered offender."
"Arrestee","","","",""
"Arrestee","ArresteeSequenceNumber","","0..1","NIBRS Element 40. Each arrestee reported in a Incident Report or Arrest Report should be assigned a sequence number."
"Arrestee","ArresteeWasArmedWith","","*","NIBRS Element 46. This data element should be used to indicate whether the arrestee was armed with a commonly known weapon at the time of his/her apprehension."
"Arrestee","DispositionofArresteeUnder18","","0..1","NIBRS Element 52. This data element should be used only if the arrestee was 17 years of age or younger at the time of the arrest."
"Arrestee","MultipleArresteeSegmentIndicator","","0..1","NIBRS Element 44. This data element should be used to ensure that an arrestee is counted (scored) only once when the arrestee's apprehension causes the arresting agency to submit two or more Arrestee Segments concerning separate Incident Reports."
"Arrest","","","",""
"Arrest","ArrestTransactionNumber","","*","NIBRS Element 41. This is the number assigned by the reporting agency to an arrest report to identify it uniquely."
"Arrest","ArrestDate","","0..1","NIBRS Element 42. This data element should be used to enter the month, day, and year (MM/DD/YYYY) that the arrest took place."
"Arrest","TypeofArrest","","0..1","NIBRS Element 43. This data element should be used to indicate the type of apprehension."
"Arrest","UCRArrestOffenseCode","","*","NIBRS Element 45. The UCR Offense Code of the offense for which the arrestee was apprehended should be entered into this data element."
"ArrestSubjectAssociation","","","","This Association is used to link the Arrest and Arrestee data."
"ArrestSubjectAssociation","Arrestee (<unidirectional association>)","","0,1",""
"ArrestSubjectAssociation","Arrest (<unidirectional association>)","","0,1",""
"OffenseLocationAssociation","","","","This Association is used to link the Location and Offense data."
"OffenseLocationAssociation","Offense (<unidirectional association>)","","0,1",""
"OffenseLocationAssociation","Location (<unidirectional association>)","","0,1",""
"OffenseVictimAssociation","","","",""
"OffenseVictimAssociation","Victim (<unidirectional association>)","","0.1",""
"OffenseVictimAssociation","VictimConnectedtoUCROffenseCodes (<unidirectional association>)","","0.1","NIBRS Element 24. This data element should be used to link each victim to the up to ten most serious (as determined by the reporting agency) offenses which were perpetrated against him/her during the incident."
"SubjectVictimAssociation","","","",""
"SubjectVictimAssociation","RelationshipsofVictimtoOffenders","","0,1","NIBRS Element 35. This data element should be used along with Data Element 34 (Offender Numbers to be Related) to report the relationship of the victim to offenders who have perpetrated a Crime Against Person or a Crime Against Property.  

Added codes:
 ""Schoolmate - Elementary""
 ""Schoolmate - Junior High""
 ""Schoolmate - High School""
 ""Schoolmate - Post-secondary""
"
"SubjectVictimAssociation","OffenderNumberstobeRelated (<unidirectional association>)","","0,1","NIBRS Element 34. This data element should be used, along with Data Element 35 (Relationships of Victim to Offenders), to report the relationships of the victim to offenders who have perpetrated a Crime Against Person or a Crime Against Property."
"SubjectVictimAssociation","Victim (<unidirectional association>)","","0,1",""
"PersonAge","","","","NIBRS Element 26. The age of the arrestee should be entered either as an exact number of years, a range of years, or as unknown.
NIBRS Element 37. If the offender was a person, his/her age should be entered into this data element either as an exact age, a range of days or years, or as unknown. Accepted values are: UNKNOWN
NIBRS Element 47. If the arrestee was a person, his/her age should be entered into this data element either as an exact age, a range of days or years, or as unknown. Accepted values are: UNKNOWN"
"PersonAge","AgeValue","","0..1",""
"PersonAge","AgeText","","0..1",""
"PersonAge","AgeMinimum","","0..1",""
"PersonAge","AgeMaximum","","0..1",""
"Identification","","","",""
"Identification","IdentificationID","id","0..1",""
"Date","","","",""
"Date","Date","date","*",""
"Date","DateTime","dateTime","1",""
"Date","YearMonth","string","*",""
"EnforcementOfficialUnit","","","",""
"ReportingAgency","","","",""
"MessageSubmitter","","","",""
"MessageSubmitter","MessageSubmittingOrganization","","",""
"IncidentAugmentationCJIS","","","",""
"OrganizationAugmentationJ","","","",""
"IncidentAugmentationJ","","","",""
"ArrestCharge","","","",""
"EnforcementOfficialRole","","","",""
"OffenseFactor","","","",""
"OffenseEntryPoint","","","",""
"OffenseForce","","","",""
"SubjectRole","","","",""
"VictimRole","","","",""
"VictimInjury","","","",""
"ItemStatus","","","",""
"LocationLocale","","","",""
"ItemValue","","","",""
"Amount","","","",""
"MeasureIntegerRange","","","",""
"MeasureRangeAbstract","","","",""
"SubstanceQuantityMeasure","","","",""
